{
  "metrics": {
    "accuracy": 0.9829596412556054,
    "precision": 0.9333333333333333,
    "recall": 0.9395973154362416,
    "f1": 0.9364548494983278
  },
  "config": {
    "data_path": "sms_spam_no_header.csv",
    "output_dir": "artifacts",
    "test_size": 0.2,
    "random_state": 42,
    "regularization": 1.0,
    "max_iter": 200,
    "remove_stopwords": false
  }
}